"","Close","Date"
"1",3882.590088,"2017-09-13"
"2",3154.949951,"2017-09-14"
"3",3637.52002,"2017-09-15"
"4",3625.040039,"2017-09-16"
"5",3582.879883,"2017-09-17"
"6",4065.199951,"2017-09-18"
"7",3924.969971,"2017-09-19"
"8",3905.949951,"2017-09-20"
"9",3631.040039,"2017-09-21"
"10",3630.699951,"2017-09-22"
"11",3792.399902,"2017-09-23"
"12",3682.840088,"2017-09-24"
"13",3926.070068,"2017-09-25"
"14",3892.350098,"2017-09-26"
"15",4200.669922,"2017-09-27"
"16",4174.72998,"2017-09-28"
"17",4163.069824,"2017-09-29"
"18",4338.709961,"2017-09-30"
"19",4403.740234,"2017-10-01"
"20",4409.319824,"2017-10-02"
"21",4317.47998,"2017-10-03"
"22",4229.359863,"2017-10-04"
"23",4328.410156,"2017-10-05"
"24",4370.810059,"2017-10-06"
"25",4426.890137,"2017-10-07"
"26",4610.47998,"2017-10-08"
"27",4772.02002,"2017-10-09"
"28",4781.990234,"2017-10-10"
"29",4826.47998,"2017-10-11"
"30",5446.910156,"2017-10-12"
"31",5647.209961,"2017-10-13"
"32",5831.790039,"2017-10-14"
"33",5678.189941,"2017-10-15"
"34",5725.589844,"2017-10-16"
"35",5605.509766,"2017-10-17"
"36",5590.689941,"2017-10-18"
"37",5708.52002,"2017-10-19"
"38",6011.450195,"2017-10-20"
"39",6031.600098,"2017-10-21"
"40",6008.419922,"2017-10-22"
"41",5930.319824,"2017-10-23"
"42",5526.640137,"2017-10-24"
"43",5750.799805,"2017-10-25"
"44",5904.830078,"2017-10-26"
"45",5780.899902,"2017-10-27"
"46",5753.089844,"2017-10-28"
"47",6153.850098,"2017-10-29"
"48",6130.529785,"2017-10-30"
"49",6468.399902,"2017-10-31"
"50",6767.310059,"2017-11-01"
"51",7078.5,"2017-11-02"
"52",7207.759766,"2017-11-03"
"53",7379.950195,"2017-11-04"
"54",7407.410156,"2017-11-05"
"55",7022.759766,"2017-11-06"
"56",7144.379883,"2017-11-07"
"57",7459.689941,"2017-11-08"
"58",7143.580078,"2017-11-09"
"59",6618.140137,"2017-11-10"
"60",6357.600098,"2017-11-11"
"61",5950.069824,"2017-11-12"
"62",6559.490234,"2017-11-13"
"63",6635.75,"2017-11-14"
"64",7315.540039,"2017-11-15"
"65",7871.689941,"2017-11-16"
"66",7708.990234,"2017-11-17"
"67",7790.149902,"2017-11-18"
"68",8036.490234,"2017-11-19"
"69",8200.639648,"2017-11-20"
"70",8071.259766,"2017-11-21"
"71",8253.549805,"2017-11-22"
"72",8038.77002,"2017-11-23"
"73",8253.69043,"2017-11-24"
"74",8790.919922,"2017-11-25"
"75",9330.549805,"2017-11-26"
"76",9818.349609,"2017-11-27"
"77",10058.799805,"2017-11-28"
"78",9888.610352,"2017-11-29"
"79",10233.599609,"2017-11-30"
"80",10975.599609,"2017-12-01"
"81",11074.599609,"2017-12-02"
"82",11323.200195,"2017-12-03"
"83",11657.200195,"2017-12-04"
"84",11916.700195,"2017-12-05"
"85",14291.5,"2017-12-06"
"86",17899.699219,"2017-12-07"
"87",16569.400391,"2017-12-08"
"88",15178.200195,"2017-12-09"
"89",15455.400391,"2017-12-10"
"90",16936.800781,"2017-12-11"
"91",17415.400391,"2017-12-12"
"92",16408.199219,"2017-12-13"
"93",16564,"2017-12-14"
"94",17706.900391,"2017-12-15"
"95",19497.400391,"2017-12-16"
"96",19140.800781,"2017-12-17"
"97",19114.199219,"2017-12-18"
"98",17776.699219,"2017-12-19"
"99",16624.599609,"2017-12-20"
"100",15802.900391,"2017-12-21"
"101",13831.799805,"2017-12-22"
"102",14699.200195,"2017-12-23"
"103",13925.799805,"2017-12-24"
"104",14026.599609,"2017-12-25"
"105",16099.799805,"2017-12-26"
"106",15838.5,"2017-12-27"
"107",14606.5,"2017-12-28"
"108",14656.200195,"2017-12-29"
"109",12952.200195,"2017-12-30"
"110",14156.400391,"2017-12-31"
"111",13657.200195,"2018-01-01"
"112",14982.099609,"2018-01-02"
"113",15201,"2018-01-03"
"114",15599.200195,"2018-01-04"
"115",17429.5,"2018-01-05"
"116",17527,"2018-01-06"
"117",16477.599609,"2018-01-07"
"118",15170.099609,"2018-01-08"
"119",14595.400391,"2018-01-09"
"120",14973.299805,"2018-01-10"
"121",13405.799805,"2018-01-11"
"122",13980.599609,"2018-01-12"
"123",14360.200195,"2018-01-13"
"124",13772,"2018-01-14"
"125",13819.799805,"2018-01-15"
"126",11490.5,"2018-01-16"
"127",11188.599609,"2018-01-17"
"128",11474.900391,"2018-01-18"
"129",11607.400391,"2018-01-19"
"130",12899.200195,"2018-01-20"
"131",11600.099609,"2018-01-21"
"132",10931.400391,"2018-01-22"
"133",10868.400391,"2018-01-23"
"134",11359.400391,"2018-01-24"
"135",11259.400391,"2018-01-25"
"136",11171.400391,"2018-01-26"
"137",11440.700195,"2018-01-27"
"138",11786.299805,"2018-01-28"
"139",11296.400391,"2018-01-29"
"140",10106.299805,"2018-01-30"
"141",10221.099609,"2018-01-31"
"142",9170.540039,"2018-02-01"
"143",8830.75,"2018-02-02"
"144",9174.910156,"2018-02-03"
"145",8277.009766,"2018-02-04"
"146",6955.27002,"2018-02-05"
"147",7754,"2018-02-06"
"148",7621.299805,"2018-02-07"
"149",8265.589844,"2018-02-08"
"150",8736.980469,"2018-02-09"
"151",8621.900391,"2018-02-10"
"152",8129.970215,"2018-02-11"
"153",8926.570313,"2018-02-12"
"154",8598.30957,"2018-02-13"
"155",9494.629883,"2018-02-14"
"156",10166.400391,"2018-02-15"
"157",10233.900391,"2018-02-16"
"158",11112.700195,"2018-02-17"
"159",10551.799805,"2018-02-18"
"160",11225.299805,"2018-02-19"
"161",11403.700195,"2018-02-20"
"162",10690.400391,"2018-02-21"
"163",10005,"2018-02-22"
"164",10301.099609,"2018-02-23"
"165",9813.070313,"2018-02-24"
"166",9664.730469,"2018-02-25"
"167",10366.700195,"2018-02-26"
"168",10725.599609,"2018-02-27"
"169",10397.900391,"2018-02-28"
"170",10951,"2018-03-01"
"171",11086.400391,"2018-03-02"
"172",11489.700195,"2018-03-03"
"173",11512.599609,"2018-03-04"
"174",11573.299805,"2018-03-05"
"175",10779.900391,"2018-03-06"
"176",9965.570313,"2018-03-07"
"177",9395.009766,"2018-03-08"
"178",9337.549805,"2018-03-09"
"179",8866,"2018-03-10"
"180",9578.629883,"2018-03-11"
"181",9205.120117,"2018-03-12"
"182",9194.849609,"2018-03-13"
"183",8269.80957,"2018-03-14"
"184",8300.860352,"2018-03-15"
"185",8338.349609,"2018-03-16"
"186",7916.879883,"2018-03-17"
"187",8223.679688,"2018-03-18"
"188",8630.650391,"2018-03-19"
"189",8913.469727,"2018-03-20"
"190",8929.280273,"2018-03-21"
"191",8728.469727,"2018-03-22"
"192",8879.620117,"2018-03-23"
"193",8668.120117,"2018-03-24"
"194",8495.780273,"2018-03-25"
"195",8209.400391,"2018-03-26"
"196",7833.040039,"2018-03-27"
"197",7954.47998,"2018-03-28"
"198",7165.700195,"2018-03-29"
"199",6890.52002,"2018-03-30"
"200",6973.529785,"2018-03-31"
"201",6844.22998,"2018-04-01"
"202",7083.799805,"2018-04-02"
"203",7456.109863,"2018-04-03"
"204",6853.839844,"2018-04-04"
"205",6811.470215,"2018-04-05"
"206",6636.319824,"2018-04-06"
"207",6911.089844,"2018-04-07"
"208",7023.52002,"2018-04-08"
"209",6770.72998,"2018-04-09"
"210",6834.759766,"2018-04-10"
"211",6968.319824,"2018-04-11"
"212",7889.25,"2018-04-12"
"213",7895.959961,"2018-04-13"
"214",7986.240234,"2018-04-14"
"215",8329.110352,"2018-04-15"
"216",8058.669922,"2018-04-16"
"217",7902.089844,"2018-04-17"
"218",8163.419922,"2018-04-18"
"219",8294.30957,"2018-04-19"
"220",8845.830078,"2018-04-20"
"221",8895.580078,"2018-04-21"
"222",8802.459961,"2018-04-22"
"223",8930.879883,"2018-04-23"
"224",9697.5,"2018-04-24"
"225",8845.740234,"2018-04-25"
"226",9281.509766,"2018-04-26"
"227",8987.049805,"2018-04-27"
"228",9348.480469,"2018-04-28"
"229",9419.080078,"2018-04-29"
"230",9240.549805,"2018-04-30"
"231",9119.009766,"2018-05-01"
"232",9235.919922,"2018-05-02"
"233",9743.860352,"2018-05-03"
"234",9700.759766,"2018-05-04"
"235",9858.150391,"2018-05-05"
"236",9654.799805,"2018-05-06"
"237",9373.009766,"2018-05-07"
"238",9234.820313,"2018-05-08"
"239",9325.179688,"2018-05-09"
"240",9043.94043,"2018-05-10"
"241",8441.490234,"2018-05-11"
"242",8504.889648,"2018-05-12"
"243",8723.94043,"2018-05-13"
"244",8716.790039,"2018-05-14"
"245",8510.379883,"2018-05-15"
"246",8368.830078,"2018-05-16"
"247",8094.319824,"2018-05-17"
"248",8250.969727,"2018-05-18"
"249",8247.179688,"2018-05-19"
"250",8513.25,"2018-05-20"
"251",8418.990234,"2018-05-21"
"252",8041.779785,"2018-05-22"
"253",7557.819824,"2018-05-23"
"254",7587.339844,"2018-05-24"
"255",7480.140137,"2018-05-25"
"256",7355.879883,"2018-05-26"
"257",7368.220215,"2018-05-27"
"258",7135.990234,"2018-05-28"
"259",7472.589844,"2018-05-29"
"260",7406.52002,"2018-05-30"
"261",7494.169922,"2018-05-31"
"262",7541.450195,"2018-06-01"
"263",7643.450195,"2018-06-02"
"264",7720.25,"2018-06-03"
"265",7514.470215,"2018-06-04"
"266",7633.759766,"2018-06-05"
"267",7653.97998,"2018-06-06"
"268",7678.240234,"2018-06-07"
"269",7624.919922,"2018-06-08"
"270",7531.97998,"2018-06-09"
"271",6786.02002,"2018-06-10"
"272",6906.919922,"2018-06-11"
"273",6582.359863,"2018-06-12"
"274",6349.899902,"2018-06-13"
"275",6675.350098,"2018-06-14"
"276",6456.580078,"2018-06-15"
"277",6550.160156,"2018-06-16"
"278",6499.27002,"2018-06-17"
"279",6734.819824,"2018-06-18"
"280",6769.939941,"2018-06-19"
"281",6776.549805,"2018-06-20"
"282",6729.740234,"2018-06-21"
"283",6083.689941,"2018-06-22"
"284",6162.47998,"2018-06-23"
"285",6173.22998,"2018-06-24"
"286",6249.180176,"2018-06-25"
"287",6093.669922,"2018-06-26"
"288",6157.129883,"2018-06-27"
"289",5903.439941,"2018-06-28"
"290",6218.299805,"2018-06-29"
"291",6404,"2018-06-30"
"292",6385.819824,"2018-07-01"
"293",6614.180176,"2018-07-02"
"294",6529.589844,"2018-07-03"
"295",6597.549805,"2018-07-04"
"296",6639.140137,"2018-07-05"
"297",6673.5,"2018-07-06"
"298",6856.930176,"2018-07-07"
"299",6773.879883,"2018-07-08"
"300",6741.75,"2018-07-09"
"301",6329.950195,"2018-07-10"
"302",6394.709961,"2018-07-11"
"303",6228.810059,"2018-07-12"
"304",6238.049805,"2018-07-13"
"305",6276.120117,"2018-07-14"
"306",6359.640137,"2018-07-15"
"307",6741.75,"2018-07-16"
"308",7321.040039,"2018-07-17"
"309",7370.779785,"2018-07-18"
"310",7466.859863,"2018-07-19"
"311",7354.129883,"2018-07-20"
"312",7419.290039,"2018-07-21"
"313",7418.490234,"2018-07-22"
"314",7711.109863,"2018-07-23"
"315",8424.269531,"2018-07-24"
"316",8181.390137,"2018-07-25"
"317",7951.580078,"2018-07-26"
"318",8165.009766,"2018-07-27"
"319",8192.150391,"2018-07-28"
"320",8218.459961,"2018-07-29"
"321",8180.47998,"2018-07-30"
"322",7780.439941,"2018-07-31"
"323",7624.910156,"2018-08-01"
"324",7567.149902,"2018-08-02"
"325",7434.390137,"2018-08-03"
"326",7032.850098,"2018-08-04"
"327",7068.47998,"2018-08-05"
"328",6951.799805,"2018-08-06"
"329",6753.120117,"2018-08-07"
"330",6305.799805,"2018-08-08"
"331",6568.22998,"2018-08-09"
"332",6184.709961,"2018-08-10"
"333",6295.72998,"2018-08-11"
"334",6322.689941,"2018-08-12"
"335",6297.569824,"2018-08-13"
"336",6199.709961,"2018-08-14"
"337",6308.52002,"2018-08-15"
"338",6334.72998,"2018-08-16"
"339",6580.629883,"2018-08-17"
"340",6423.759766,"2018-08-18"
"341",6506.069824,"2018-08-19"
"342",6308.529785,"2018-08-20"
"343",6488.759766,"2018-08-21"
"344",6376.709961,"2018-08-22"
"345",6534.879883,"2018-08-23"
"346",6719.959961,"2018-08-24"
"347",6763.189941,"2018-08-25"
"348",6707.259766,"2018-08-26"
"349",6884.640137,"2018-08-27"
"350",7096.279785,"2018-08-28"
"351",7047.160156,"2018-08-29"
"352",6978.22998,"2018-08-30"
"353",7037.580078,"2018-08-31"
"354",7193.25,"2018-09-01"
"355",7272.720215,"2018-09-02"
"356",7260.060059,"2018-09-03"
"357",7361.660156,"2018-09-04"
"358",6792.830078,"2018-09-05"
"359",6529.169922,"2018-09-06"
"360",6467.069824,"2018-09-07"
"361",6225.97998,"2018-09-08"
"362",6300.859863,"2018-09-09"
"363",6329.700195,"2018-09-10"
"364",6321.200195,"2018-09-11"
"365",6351.799805,"2018-09-12"
"366",6517.310059,"2018-09-13"
"367",6512.709961,"2018-09-14"
"368",6543.200195,"2018-09-15"
"369",6517.180176,"2018-09-16"
"370",6281.200195,"2018-09-17"
"371",6371.299805,"2018-09-18"
"372",6398.540039,"2018-09-19"
"373",6519.669922,"2018-09-20"
"374",6734.950195,"2018-09-21"
"375",6721.97998,"2018-09-22"
"376",6710.629883,"2018-09-23"
"377",6595.410156,"2018-09-24"
"378",6446.470215,"2018-09-25"
"379",6495,"2018-09-26"
"380",6676.75,"2018-09-27"
"381",6644.129883,"2018-09-28"
"382",6601.959961,"2018-09-29"
"383",6625.560059,"2018-09-30"
"384",6589.620117,"2018-10-01"
"385",6556.100098,"2018-10-02"
"386",6502.589844,"2018-10-03"
"387",6576.689941,"2018-10-04"
"388",6622.47998,"2018-10-05"
"389",6588.310059,"2018-10-06"
"390",6602.950195,"2018-10-07"
"391",6652.22998,"2018-10-08"
"392",6642.640137,"2018-10-09"
"393",6585.529785,"2018-10-10"
"394",6256.240234,"2018-10-11"
"395",6274.580078,"2018-10-12"
"396",6285.990234,"2018-10-13"
"397",6290.930176,"2018-10-14"
"398",6596.540039,"2018-10-15"
"399",6596.109863,"2018-10-16"
"400",6544.430176,"2018-10-17"
"401",6476.709961,"2018-10-18"
"402",6465.410156,"2018-10-19"
"403",6489.189941,"2018-10-20"
"404",6482.350098,"2018-10-21"
"405",6487.160156,"2018-10-22"
"406",6475.740234,"2018-10-23"
"407",6495.839844,"2018-10-24"
"408",6476.290039,"2018-10-25"
"409",6474.75,"2018-10-26"
"410",6480.379883,"2018-10-27"
"411",6486.390137,"2018-10-28"
"412",6332.629883,"2018-10-29"
"413",6334.27002,"2018-10-30"
"414",6317.609863,"2018-10-31"
"415",6377.779785,"2018-11-01"
"416",6388.439941,"2018-11-02"
"417",6361.259766,"2018-11-03"
"418",6376.129883,"2018-11-04"
"419",6419.660156,"2018-11-05"
"420",6461.009766,"2018-11-06"
"421",6530.140137,"2018-11-07"
"422",6453.720215,"2018-11-08"
"423",6385.620117,"2018-11-09"
"424",6409.220215,"2018-11-10"
"425",6411.27002,"2018-11-11"
"426",6371.27002,"2018-11-12"
"427",6359.490234,"2018-11-13"
"428",5738.350098,"2018-11-14"
"429",5648.029785,"2018-11-15"
"430",5575.549805,"2018-11-16"
"431",5554.330078,"2018-11-17"
"432",5623.540039,"2018-11-18"
"433",4871.490234,"2018-11-19"
"434",4451.870117,"2018-11-20"
"435",4602.169922,"2018-11-21"
"436",4365.939941,"2018-11-22"
"437",4347.109863,"2018-11-23"
"438",3880.76001,"2018-11-24"
"439",4009.969971,"2018-11-25"
"440",3779.129883,"2018-11-26"
"441",3820.719971,"2018-11-27"
"442",4257.419922,"2018-11-28"
"443",4278.84668,"2018-11-29"
"444",4017.268555,"2018-11-30"
"445",4214.671875,"2018-12-01"
"446",4139.87793,"2018-12-02"
"447",3894.130859,"2018-12-03"
"448",3956.893799,"2018-12-04"
"449",3753.994873,"2018-12-05"
"450",3521.101807,"2018-12-06"
"451",3419.937256,"2018-12-07"
"452",3476.114746,"2018-12-08"
"453",3614.234375,"2018-12-09"
"454",3502.656006,"2018-12-10"
"455",3424.588135,"2018-12-11"
"456",3486.950195,"2018-12-12"
"457",3313.677246,"2018-12-13"
"458",3242.484863,"2018-12-14"
"459",3236.761719,"2018-12-15"
"460",3252.839111,"2018-12-16"
"461",3545.864746,"2018-12-17"
"462",3696.059082,"2018-12-18"
"463",3745.950684,"2018-12-19"
"464",4134.441406,"2018-12-20"
"465",3896.543701,"2018-12-21"
"466",4014.182617,"2018-12-22"
"467",3998.980225,"2018-12-23"
"468",4078.599121,"2018-12-24"
"469",3815.490723,"2018-12-25"
"470",3857.297607,"2018-12-26"
"471",3654.833496,"2018-12-27"
"472",3923.918701,"2018-12-28"
"473",3820.408691,"2018-12-29"
"474",3865.952637,"2018-12-30"
"475",3742.700439,"2018-12-31"
"476",3843.52002,"2019-01-01"
"477",3943.409424,"2019-01-02"
"478",3836.741211,"2019-01-03"
"479",3857.717529,"2019-01-04"
"480",3845.19458,"2019-01-05"
"481",4076.632568,"2019-01-06"
"482",4025.248291,"2019-01-07"
"483",4030.8479,"2019-01-08"
"484",4035.296387,"2019-01-09"
"485",3678.924561,"2019-01-10"
"486",3687.365479,"2019-01-11"
"487",3661.301025,"2019-01-12"
"488",3552.953125,"2019-01-13"
"489",3706.052246,"2019-01-14"
"490",3630.675293,"2019-01-15"
"491",3655.006836,"2019-01-16"
"492",3678.563965,"2019-01-17"
"493",3657.839355,"2019-01-18"
"494",3728.568359,"2019-01-19"
"495",3601.013672,"2019-01-20"
"496",3576.032471,"2019-01-21"
"497",3604.577148,"2019-01-22"
"498",3585.123047,"2019-01-23"
"499",3600.865479,"2019-01-24"
"500",3599.765869,"2019-01-25"
"501",3602.460449,"2019-01-26"
"502",3583.96582,"2019-01-27"
"503",3470.450439,"2019-01-28"
"504",3448.116943,"2019-01-29"
"505",3486.181641,"2019-01-30"
"506",3457.792725,"2019-01-31"
"507",3487.945313,"2019-02-01"
"508",3521.060791,"2019-02-02"
"509",3464.013428,"2019-02-03"
"510",3459.154053,"2019-02-04"
"511",3466.357422,"2019-02-05"
"512",3413.767822,"2019-02-06"
"513",3399.47168,"2019-02-07"
"514",3666.780273,"2019-02-08"
"515",3671.203613,"2019-02-09"
"516",3690.188232,"2019-02-10"
"517",3648.430664,"2019-02-11"
"518",3653.528564,"2019-02-12"
"519",3632.070557,"2019-02-13"
"520",3616.880859,"2019-02-14"
"521",3620.810791,"2019-02-15"
"522",3629.787598,"2019-02-16"
"523",3673.836182,"2019-02-17"
"524",3915.714355,"2019-02-18"
"525",3947.094482,"2019-02-19"
"526",3999.820557,"2019-02-20"
"527",3954.118164,"2019-02-21"
"528",4005.526611,"2019-02-22"
"529",4142.526855,"2019-02-23"
"530",3810.42749,"2019-02-24"
"531",3882.696289,"2019-02-25"
"532",3854.35791,"2019-02-26"
"533",3851.047363,"2019-02-27"
"534",3854.7854,"2019-02-28"
"535",3859.58374,"2019-03-01"
"536",3864.415039,"2019-03-02"
"537",3847.175781,"2019-03-03"
"538",3761.557129,"2019-03-04"
"539",3896.375,"2019-03-05"
"540",3903.942627,"2019-03-06"
"541",3911.484375,"2019-03-07"
"542",3901.131592,"2019-03-08"
"543",3963.313721,"2019-03-09"
"544",3951.599854,"2019-03-10"
"545",3905.227295,"2019-03-11"
"546",3909.15625,"2019-03-12"
"547",3906.717285,"2019-03-13"
"548",3924.369141,"2019-03-14"
"549",3960.911133,"2019-03-15"
"550",4048.72583,"2019-03-16"
"551",4025.229004,"2019-03-17"
"552",4032.507324,"2019-03-18"
"553",4071.190186,"2019-03-19"
"554",4087.476318,"2019-03-20"
"555",4029.326904,"2019-03-21"
"556",4023.968262,"2019-03-22"
"557",4035.826416,"2019-03-23"
"558",4022.168213,"2019-03-24"
"559",3963.070557,"2019-03-25"
"560",3985.080811,"2019-03-26"
"561",4087.066162,"2019-03-27"
"562",4069.107178,"2019-03-28"
"563",4098.374512,"2019-03-29"
"564",4106.660156,"2019-03-30"
"565",4105.404297,"2019-03-31"
"566",4158.183105,"2019-04-01"
"567",4879.87793,"2019-04-02"
"568",4973.021973,"2019-04-03"
"569",4922.798828,"2019-04-04"
"570",5036.681152,"2019-04-05"
"571",5059.817383,"2019-04-06"
"572",5198.896973,"2019-04-07"
"573",5289.770996,"2019-04-08"
"574",5204.958496,"2019-04-09"
"575",5324.551758,"2019-04-10"
"576",5064.487793,"2019-04-11"
"577",5089.539063,"2019-04-12"
"578",5096.586426,"2019-04-13"
"579",5167.722168,"2019-04-14"
"580",5067.108398,"2019-04-15"
"581",5235.55957,"2019-04-16"
"582",5251.937988,"2019-04-17"
"583",5298.385742,"2019-04-18"
"584",5303.8125,"2019-04-19"
"585",5337.88623,"2019-04-20"
"586",5314.53125,"2019-04-21"
"587",5399.365234,"2019-04-22"
"588",5572.362305,"2019-04-23"
"589",5464.866699,"2019-04-24"
"590",5210.515625,"2019-04-25"
"591",5279.348145,"2019-04-26"
"592",5268.291016,"2019-04-27"
"593",5285.13916,"2019-04-28"
"594",5247.352539,"2019-04-29"
"595",5350.726563,"2019-04-30"
"596",5402.697266,"2019-05-01"
"597",5505.283691,"2019-05-02"
"598",5768.289551,"2019-05-03"
"599",5831.16748,"2019-05-04"
"600",5795.708496,"2019-05-05"
"601",5746.807129,"2019-05-06"
"602",5829.501465,"2019-05-07"
"603",5982.45752,"2019-05-08"
"604",6174.528809,"2019-05-09"
"605",6378.849121,"2019-05-10"
"606",7204.771484,"2019-05-11"
"607",6972.371582,"2019-05-12"
"608",7814.915039,"2019-05-13"
"609",7994.416016,"2019-05-14"
"610",8205.167969,"2019-05-15"
"611",7884.90918,"2019-05-16"
"612",7343.895508,"2019-05-17"
"613",7271.208008,"2019-05-18"
"614",8197.689453,"2019-05-19"
"615",7978.309082,"2019-05-20"
"616",7963.327637,"2019-05-21"
"617",7680.066406,"2019-05-22"
"618",7881.84668,"2019-05-23"
"619",7987.371582,"2019-05-24"
"620",8052.543945,"2019-05-25"
"621",8673.21582,"2019-05-26"
"622",8805.77832,"2019-05-27"
"623",8719.961914,"2019-05-28"
"624",8659.487305,"2019-05-29"
"625",8319.472656,"2019-05-30"
"626",8574.501953,"2019-05-31"
"627",8564.016602,"2019-06-01"
"628",8742.958008,"2019-06-02"
"629",8208.995117,"2019-06-03"
"630",7707.770996,"2019-06-04"
"631",7824.231445,"2019-06-05"
"632",7822.023438,"2019-06-06"
"633",8043.951172,"2019-06-07"
"634",7954.12793,"2019-06-08"
"635",7688.077148,"2019-06-09"
"636",8000.32959,"2019-06-10"
"637",7927.714355,"2019-06-11"
"638",8145.857422,"2019-06-12"
"639",8230.923828,"2019-06-13"
"640",8693.833008,"2019-06-14"
"641",8838.375,"2019-06-15"
"642",8994.488281,"2019-06-16"
"643",9320.352539,"2019-06-17"
"644",9081.762695,"2019-06-18"
"645",9273.521484,"2019-06-19"
"646",9527.160156,"2019-06-20"
"647",10144.556641,"2019-06-21"
"648",10701.691406,"2019-06-22"
"649",10855.371094,"2019-06-23"
"650",11011.102539,"2019-06-24"
"651",11790.916992,"2019-06-25"
"652",13016.231445,"2019-06-26"
"653",11182.806641,"2019-06-27"
"654",12407.332031,"2019-06-28"
"655",11959.371094,"2019-06-29"
"656",10817.155273,"2019-06-30"
"657",10583.134766,"2019-07-01"
"658",10801.677734,"2019-07-02"
"659",11961.269531,"2019-07-03"
"660",11215.4375,"2019-07-04"
"661",10978.459961,"2019-07-05"
"662",11208.550781,"2019-07-06"
"663",11450.84668,"2019-07-07"
"664",12285.958008,"2019-07-08"
"665",12573.8125,"2019-07-09"
"666",12156.512695,"2019-07-10"
"667",11358.662109,"2019-07-11"
"668",11815.986328,"2019-07-12"
"669",11392.378906,"2019-07-13"
"670",10256.058594,"2019-07-14"
"671",10895.089844,"2019-07-15"
"672",9477.641602,"2019-07-16"
"673",9693.802734,"2019-07-17"
"674",10666.482422,"2019-07-18"
"675",10530.732422,"2019-07-19"
"676",10767.139648,"2019-07-20"
"677",10599.105469,"2019-07-21"
"678",10343.106445,"2019-07-22"
"679",9900.767578,"2019-07-23"
"680",9811.925781,"2019-07-24"
"681",9911.841797,"2019-07-25"
"682",9870.303711,"2019-07-26"
"683",9477.677734,"2019-07-27"
"684",9552.860352,"2019-07-28"
"685",9519.145508,"2019-07-29"
"686",9607.423828,"2019-07-30"
"687",10085.62793,"2019-07-31"
"688",10399.668945,"2019-08-01"
"689",10518.174805,"2019-08-02"
"690",10821.726563,"2019-08-03"
"691",10970.18457,"2019-08-04"
"692",11805.65332,"2019-08-05"
"693",11478.168945,"2019-08-06"
"694",11941.96875,"2019-08-07"
"695",11966.407227,"2019-08-08"
"696",11862.936523,"2019-08-09"
"697",11354.024414,"2019-08-10"
"698",11523.579102,"2019-08-11"
"699",11382.616211,"2019-08-12"
"700",10895.830078,"2019-08-13"
"701",10051.704102,"2019-08-14"
"702",10311.545898,"2019-08-15"
"703",10374.338867,"2019-08-16"
"704",10231.744141,"2019-08-17"
"705",10345.810547,"2019-08-18"
"706",10916.053711,"2019-08-19"
"707",10763.232422,"2019-08-20"
"708",10138.049805,"2019-08-21"
"709",10131.055664,"2019-08-22"
"710",10407.964844,"2019-08-23"
"711",10159.960938,"2019-08-24"
"712",10138.517578,"2019-08-25"
"713",10370.820313,"2019-08-26"
"714",10185.5,"2019-08-27"
"715",9754.422852,"2019-08-28"
"716",9510.200195,"2019-08-29"
"717",9598.173828,"2019-08-30"
"718",9630.664063,"2019-08-31"
"719",9757.970703,"2019-09-01"
"720",10346.760742,"2019-09-02"
"721",10623.540039,"2019-09-03"
"722",10594.493164,"2019-09-04"
"723",10575.533203,"2019-09-05"
"724",10353.302734,"2019-09-06"
"725",10517.254883,"2019-09-07"
"726",10441.276367,"2019-09-08"
"727",10334.974609,"2019-09-09"
"728",10115.975586,"2019-09-10"
"729",10178.37207,"2019-09-11"
"730",10410.126953,"2019-09-12"
"731",10360.546875,"2019-09-13"
"732",10358.048828,"2019-09-14"
"733",10347.712891,"2019-09-15"
"734",10276.793945,"2019-09-16"
"735",10241.272461,"2019-09-17"
"736",10198.248047,"2019-09-18"
"737",10266.415039,"2019-09-19"
"738",10181.641602,"2019-09-20"
"739",10019.716797,"2019-09-21"
"740",10070.392578,"2019-09-22"
"741",9729.324219,"2019-09-23"
"742",8620.566406,"2019-09-24"
"743",8486.993164,"2019-09-25"
"744",8118.967773,"2019-09-26"
"745",8251.845703,"2019-09-27"
"746",8245.915039,"2019-09-28"
"747",8104.185547,"2019-09-29"
"748",8293.868164,"2019-09-30"
"749",8343.276367,"2019-10-01"
"750",8393.041992,"2019-10-02"
"751",8259.992188,"2019-10-03"
"752",8205.939453,"2019-10-04"
"753",8151.500488,"2019-10-05"
"754",7988.155762,"2019-10-06"
"755",8245.623047,"2019-10-07"
"756",8228.783203,"2019-10-08"
"757",8595.740234,"2019-10-09"
"758",8586.473633,"2019-10-10"
"759",8321.756836,"2019-10-11"
"760",8336.555664,"2019-10-12"
"761",8321.005859,"2019-10-13"
"762",8374.686523,"2019-10-14"
"763",8205.369141,"2019-10-15"
"764",8047.526855,"2019-10-16"
"765",8103.911133,"2019-10-17"
"766",7973.20752,"2019-10-18"
"767",7988.560547,"2019-10-19"
"768",8222.078125,"2019-10-20"
"769",8243.720703,"2019-10-21"
"770",8078.203125,"2019-10-22"
"771",7514.671875,"2019-10-23"
"772",7493.48877,"2019-10-24"
"773",8660.700195,"2019-10-25"
"774",9244.972656,"2019-10-26"
"775",9551.714844,"2019-10-27"
"776",9256.148438,"2019-10-28"
"777",9427.6875,"2019-10-29"
"778",9205.726563,"2019-10-30"
"779",9199.584961,"2019-10-31"
"780",9261.104492,"2019-11-01"
"781",9324.717773,"2019-11-02"
"782",9235.354492,"2019-11-03"
"783",9412.612305,"2019-11-04"
"784",9342.527344,"2019-11-05"
"785",9360.879883,"2019-11-06"
"786",9267.561523,"2019-11-07"
"787",8804.880859,"2019-11-08"
"788",8813.582031,"2019-11-09"
"789",9055.526367,"2019-11-10"
"790",8757.788086,"2019-11-11"
"791",8815.662109,"2019-11-12"
"792",8808.262695,"2019-11-13"
"793",8708.094727,"2019-11-14"
"794",8491.992188,"2019-11-15"
"795",8550.760742,"2019-11-16"
"796",8577.975586,"2019-11-17"
"797",8309.286133,"2019-11-18"
"798",8206.145508,"2019-11-19"
"799",8027.268066,"2019-11-20"
"800",7642.75,"2019-11-21"
"801",7296.577637,"2019-11-22"
"802",7397.796875,"2019-11-23"
"803",7047.916992,"2019-11-24"
"804",7146.133789,"2019-11-25"
"805",7218.371094,"2019-11-26"
"806",7531.663574,"2019-11-27"
"807",7463.105957,"2019-11-28"
"808",7761.243652,"2019-11-29"
"809",7569.629883,"2019-11-30"
"810",7424.29248,"2019-12-01"
"811",7321.988281,"2019-12-02"
"812",7320.145508,"2019-12-03"
"813",7252.034668,"2019-12-04"
"814",7448.307617,"2019-12-05"
"815",7546.996582,"2019-12-06"
"816",7556.237793,"2019-12-07"
"817",7564.345215,"2019-12-08"
"818",7400.899414,"2019-12-09"
"819",7278.119629,"2019-12-10"
"820",7217.427246,"2019-12-11"
"821",7243.134277,"2019-12-12"
"822",7269.68457,"2019-12-13"
"823",7124.673828,"2019-12-14"
"824",7152.301758,"2019-12-15"
"825",6932.480469,"2019-12-16"
"826",6640.515137,"2019-12-17"
"827",7276.802734,"2019-12-18"
"828",7202.844238,"2019-12-19"
"829",7218.816406,"2019-12-20"
"830",7191.158691,"2019-12-21"
"831",7511.588867,"2019-12-22"
"832",7355.628418,"2019-12-23"
"833",7322.532227,"2019-12-24"
"834",7275.155762,"2019-12-25"
"835",7238.966797,"2019-12-26"
"836",7290.088379,"2019-12-27"
"837",7317.990234,"2019-12-28"
"838",7422.652832,"2019-12-29"
"839",7292.995117,"2019-12-30"
"840",7193.599121,"2019-12-31"
"841",7200.174316,"2020-01-01"
"842",6985.470215,"2020-01-02"
"843",7344.884277,"2020-01-03"
"844",7410.656738,"2020-01-04"
"845",7411.317383,"2020-01-05"
"846",7769.219238,"2020-01-06"
"847",8163.692383,"2020-01-07"
"848",8079.862793,"2020-01-08"
"849",7879.071289,"2020-01-09"
"850",8166.554199,"2020-01-10"
"851",8037.537598,"2020-01-11"
"852",8192.494141,"2020-01-12"
"853",8144.194336,"2020-01-13"
"854",8827.764648,"2020-01-14"
"855",8807.010742,"2020-01-15"
"856",8723.786133,"2020-01-16"
"857",8929.038086,"2020-01-17"
"858",8942.808594,"2020-01-18"
"859",8706.245117,"2020-01-19"
"860",8657.642578,"2020-01-20"
"861",8745.894531,"2020-01-21"
"862",8680.875977,"2020-01-22"
"863",8406.515625,"2020-01-23"
"864",8445.43457,"2020-01-24"
"865",8367.847656,"2020-01-25"
"866",8596.830078,"2020-01-26"
"867",8909.819336,"2020-01-27"
"868",9358.589844,"2020-01-28"
"869",9316.629883,"2020-01-29"
"870",9508.993164,"2020-01-30"
"871",9350.529297,"2020-01-31"
"872",9392.875,"2020-02-01"
"873",9344.365234,"2020-02-02"
"874",9293.521484,"2020-02-03"
"875",9180.962891,"2020-02-04"
"876",9613.423828,"2020-02-05"
"877",9729.801758,"2020-02-06"
"878",9795.943359,"2020-02-07"
"879",9865.119141,"2020-02-08"
"880",10116.673828,"2020-02-09"
"881",9856.611328,"2020-02-10"
"882",10208.236328,"2020-02-11"
"883",10326.054688,"2020-02-12"
"884",10214.379883,"2020-02-13"
"885",10312.116211,"2020-02-14"
"886",9889.424805,"2020-02-15"
"887",9934.433594,"2020-02-16"
"888",9690.142578,"2020-02-17"
"889",10141.996094,"2020-02-18"
"890",9633.386719,"2020-02-19"
"891",9608.475586,"2020-02-20"
"892",9686.441406,"2020-02-21"
"893",9663.181641,"2020-02-22"
"894",9924.515625,"2020-02-23"
"895",9650.174805,"2020-02-24"
"896",9341.705078,"2020-02-25"
"897",8820.522461,"2020-02-26"
"898",8784.494141,"2020-02-27"
"899",8672.455078,"2020-02-28"
"900",8599.508789,"2020-02-29"
"901",8562.454102,"2020-03-01"
"902",8869.669922,"2020-03-02"
"903",8787.786133,"2020-03-03"
"904",8755.246094,"2020-03-04"
"905",9078.762695,"2020-03-05"
"906",9122.545898,"2020-03-06"
"907",8909.954102,"2020-03-07"
"908",8108.116211,"2020-03-08"
"909",7923.644531,"2020-03-09"
"910",7909.729492,"2020-03-10"
"911",7911.430176,"2020-03-11"
"912",4970.788086,"2020-03-12"
"913",5563.707031,"2020-03-13"
"914",5200.366211,"2020-03-14"
"915",5392.314941,"2020-03-15"
"916",5014.47998,"2020-03-16"
"917",5225.629395,"2020-03-17"
"918",5238.438477,"2020-03-18"
"919",6191.192871,"2020-03-19"
"920",6198.77832,"2020-03-20"
"921",6185.066406,"2020-03-21"
"922",5830.254883,"2020-03-22"
"923",6416.314941,"2020-03-23"
"924",6734.803711,"2020-03-24"
"925",6681.062988,"2020-03-25"
"926",6716.44043,"2020-03-26"
"927",6469.79834,"2020-03-27"
"928",6242.193848,"2020-03-28"
"929",5922.042969,"2020-03-29"
"930",6429.841797,"2020-03-30"
"931",6438.644531,"2020-03-31"
"932",6606.776367,"2020-04-01"
"933",6793.624512,"2020-04-02"
"934",6733.387207,"2020-04-03"
"935",6867.527344,"2020-04-04"
"936",6791.129395,"2020-04-05"
"937",7271.78125,"2020-04-06"
"938",7176.414551,"2020-04-07"
"939",7334.098633,"2020-04-08"
"940",7302.089355,"2020-04-09"
"941",6865.493164,"2020-04-10"
"942",6859.083008,"2020-04-11"
"943",6971.091797,"2020-04-12"
"944",6845.037598,"2020-04-13"
"945",6842.427734,"2020-04-14"
"946",6642.109863,"2020-04-15"
"947",7116.804199,"2020-04-16"
"948",NA,"2020-04-17"
"949",7257.665039,"2020-04-18"
"950",7189.424805,"2020-04-19"
"951",6881.958496,"2020-04-20"
"952",6880.323242,"2020-04-21"
"953",7117.20752,"2020-04-22"
"954",7429.724609,"2020-04-23"
"955",7550.900879,"2020-04-24"
"956",7569.936035,"2020-04-25"
"957",7679.867188,"2020-04-26"
"958",7795.601074,"2020-04-27"
"959",7807.058594,"2020-04-28"
"960",8801.038086,"2020-04-29"
"961",8658.553711,"2020-04-30"
"962",8864.766602,"2020-05-01"
"963",8988.59668,"2020-05-02"
"964",8897.46875,"2020-05-03"
"965",8912.654297,"2020-05-04"
"966",9003.070313,"2020-05-05"
"967",9268.761719,"2020-05-06"
"968",9951.518555,"2020-05-07"
"969",9842.666016,"2020-05-08"
"970",9593.896484,"2020-05-09"
"971",8756.430664,"2020-05-10"
"972",8601.795898,"2020-05-11"
"973",8804.477539,"2020-05-12"
"974",9269.987305,"2020-05-13"
"975",9733.72168,"2020-05-14"
"976",9328.197266,"2020-05-15"
"977",9377.013672,"2020-05-16"
"978",9670.739258,"2020-05-17"
"979",9726.575195,"2020-05-18"
"980",9729.038086,"2020-05-19"
"981",9522.981445,"2020-05-20"
"982",9081.761719,"2020-05-21"
"983",9182.577148,"2020-05-22"
"984",9209.287109,"2020-05-23"
"985",8790.368164,"2020-05-24"
"986",8906.93457,"2020-05-25"
"987",8835.052734,"2020-05-26"
"988",9181.017578,"2020-05-27"
"989",9525.750977,"2020-05-28"
"990",9439.124023,"2020-05-29"
"991",9700.414063,"2020-05-30"
"992",9461.058594,"2020-05-31"
"993",10167.268555,"2020-06-01"
"994",9529.803711,"2020-06-02"
"995",9656.717773,"2020-06-03"
"996",9800.636719,"2020-06-04"
"997",9665.533203,"2020-06-05"
"998",9653.679688,"2020-06-06"
"999",9758.852539,"2020-06-07"
"1000",9771.489258,"2020-06-08"
"1001",9795.700195,"2020-06-09"
"1002",9870.094727,"2020-06-10"
"1003",9321.78125,"2020-06-11"
"1004",9480.84375,"2020-06-12"
"1005",9475.277344,"2020-06-13"
"1006",9386.788086,"2020-06-14"
"1007",9450.702148,"2020-06-15"
"1008",9538.024414,"2020-06-16"
"1009",9480.254883,"2020-06-17"
"1010",9411.84082,"2020-06-18"
"1011",9288.018555,"2020-06-19"
"1012",9332.34082,"2020-06-20"
"1013",9303.629883,"2020-06-21"
"1014",9648.717773,"2020-06-22"
"1015",9629.658203,"2020-06-23"
"1016",9313.610352,"2020-06-24"
"1017",9264.813477,"2020-06-25"
"1018",9162.917969,"2020-06-26"
"1019",9045.390625,"2020-06-27"
"1020",9143.582031,"2020-06-28"
"1021",9190.854492,"2020-06-29"
"1022",9137.993164,"2020-06-30"
"1023",9228.325195,"2020-07-01"
"1024",9123.410156,"2020-07-02"
"1025",9087.303711,"2020-07-03"
"1026",9132.488281,"2020-07-04"
"1027",9073.942383,"2020-07-05"
"1028",9375.474609,"2020-07-06"
"1029",9252.277344,"2020-07-07"
"1030",9428.333008,"2020-07-08"
"1031",9277.967773,"2020-07-09"
"1032",9278.807617,"2020-07-10"
"1033",9240.34668,"2020-07-11"
"1034",9276.5,"2020-07-12"
"1035",9243.614258,"2020-07-13"
"1036",9243.213867,"2020-07-14"
"1037",9192.836914,"2020-07-15"
"1038",9132.227539,"2020-07-16"
"1039",9151.392578,"2020-07-17"
"1040",9159.040039,"2020-07-18"
"1041",9185.817383,"2020-07-19"
"1042",9164.231445,"2020-07-20"
"1043",9374.887695,"2020-07-21"
"1044",9525.363281,"2020-07-22"
"1045",9581.072266,"2020-07-23"
"1046",9536.892578,"2020-07-24"
"1047",9677.113281,"2020-07-25"
"1048",9905.166992,"2020-07-26"
"1049",10990.873047,"2020-07-27"
"1050",10912.823242,"2020-07-28"
"1051",11100.467773,"2020-07-29"
"1052",11111.213867,"2020-07-30"
"1053",11323.466797,"2020-07-31"
"1054",11759.592773,"2020-08-01"
"1055",11053.614258,"2020-08-02"
"1056",11246.348633,"2020-08-03"
"1057",11205.892578,"2020-08-04"
"1058",11747.022461,"2020-08-05"
"1059",11779.773438,"2020-08-06"
"1060",11601.472656,"2020-08-07"
"1061",11754.045898,"2020-08-08"
"1062",11675.739258,"2020-08-09"
"1063",11878.111328,"2020-08-10"
"1064",11410.525391,"2020-08-11"
"1065",11584.93457,"2020-08-12"
"1066",11784.137695,"2020-08-13"
"1067",11768.871094,"2020-08-14"
"1068",11865.698242,"2020-08-15"
"1069",11892.803711,"2020-08-16"
"1070",12254.402344,"2020-08-17"
"1071",11991.233398,"2020-08-18"
"1072",11758.283203,"2020-08-19"
"1073",11878.37207,"2020-08-20"
"1074",11592.489258,"2020-08-21"
"1075",11681.825195,"2020-08-22"
"1076",11664.847656,"2020-08-23"
"1077",11774.595703,"2020-08-24"
"1078",11366.134766,"2020-08-25"
"1079",11488.363281,"2020-08-26"
"1080",11323.397461,"2020-08-27"
"1081",11542.5,"2020-08-28"
"1082",11506.865234,"2020-08-29"
"1083",11711.505859,"2020-08-30"
"1084",11680.820313,"2020-08-31"
"1085",11970.478516,"2020-09-01"
"1086",11414.03418,"2020-09-02"
"1087",10245.296875,"2020-09-03"
"1088",10511.813477,"2020-09-04"
"1089",10169.567383,"2020-09-05"
"1090",10280.351563,"2020-09-06"
"1091",10369.563477,"2020-09-07"
"1092",10131.516602,"2020-09-08"
"1093",10242.347656,"2020-09-09"
"1094",10363.138672,"2020-09-10"
"1095",10400.915039,"2020-09-11"
"1096",10442.170898,"2020-09-12"
"1097",10323.755859,"2020-09-13"
"1098",10680.837891,"2020-09-14"
"1099",10796.951172,"2020-09-15"
"1100",10974.905273,"2020-09-16"
"1101",10948.990234,"2020-09-17"
"1102",10944.585938,"2020-09-18"
"1103",11094.34668,"2020-09-19"
"1104",10938.271484,"2020-09-20"
"1105",10462.259766,"2020-09-21"
"1106",10538.459961,"2020-09-22"
"1107",10225.864258,"2020-09-23"
"1108",10745.548828,"2020-09-24"
"1109",10702.290039,"2020-09-25"
"1110",10754.4375,"2020-09-26"
"1111",10774.426758,"2020-09-27"
"1112",10721.327148,"2020-09-28"
"1113",10848.830078,"2020-09-29"
"1114",10787.618164,"2020-09-30"
"1115",10623.330078,"2020-10-01"
"1116",10585.164063,"2020-10-02"
"1117",10565.493164,"2020-10-03"
"1118",10684.428711,"2020-10-04"
"1119",10804.000977,"2020-10-05"
"1120",10621.664063,"2020-10-06"
"1121",10679.136719,"2020-10-07"
"1122",10923.62793,"2020-10-08"
"1123",NA,"2020-10-09"
"1124",11296.361328,"2020-10-10"
"1125",11384.181641,"2020-10-11"
"1126",NA,"2020-10-12"
"1127",NA,"2020-10-13"
"1128",11429.506836,"2020-10-14"
"1129",11495.349609,"2020-10-15"
"1130",11322.123047,"2020-10-16"
"1131",11358.101563,"2020-10-17"
"1132",11483.359375,"2020-10-18"
"1133",11742.037109,"2020-10-19"
"1134",11916.334961,"2020-10-20"
"1135",12823.689453,"2020-10-21"
"1136",12965.891602,"2020-10-22"
"1137",12931.539063,"2020-10-23"
"1138",13108.0625,"2020-10-24"
"1139",13031.173828,"2020-10-25"
"1140",13075.248047,"2020-10-26"
"1141",13654.21875,"2020-10-27"
"1142",13271.285156,"2020-10-28"
"1143",13437.882813,"2020-10-29"
"1144",13546.522461,"2020-10-30"
"1145",13780.995117,"2020-10-31"
"1146",13737.109375,"2020-11-01"
"1147",13550.489258,"2020-11-02"
"1148",13950.300781,"2020-11-03"
"1149",14133.707031,"2020-11-04"
"1150",15579.848633,"2020-11-05"
"1151",15565.880859,"2020-11-06"
"1152",14833.753906,"2020-11-07"
"1153",15479.567383,"2020-11-08"
"1154",15332.31543,"2020-11-09"
"1155",15290.902344,"2020-11-10"
"1156",15701.339844,"2020-11-11"
"1157",16276.34375,"2020-11-12"
"1158",16317.808594,"2020-11-13"
"1159",16068.138672,"2020-11-14"
"1160",15955.587891,"2020-11-15"
"1161",16716.111328,"2020-11-16"
"1162",17645.40625,"2020-11-17"
"1163",17804.005859,"2020-11-18"
"1164",17817.089844,"2020-11-19"
"1165",18621.314453,"2020-11-20"
"1166",18642.232422,"2020-11-21"
"1167",18370.001953,"2020-11-22"
"1168",18364.121094,"2020-11-23"
"1169",19107.464844,"2020-11-24"
"1170",18732.121094,"2020-11-25"
"1171",17150.623047,"2020-11-26"
"1172",17108.402344,"2020-11-27"
"1173",17717.414063,"2020-11-28"
"1174",18177.484375,"2020-11-29"
"1175",19625.835938,"2020-11-30"
"1176",18802.998047,"2020-12-01"
"1177",19201.091797,"2020-12-02"
"1178",19445.398438,"2020-12-03"
"1179",18699.765625,"2020-12-04"
"1180",19154.230469,"2020-12-05"
"1181",19345.121094,"2020-12-06"
"1182",19191.630859,"2020-12-07"
"1183",18321.144531,"2020-12-08"
"1184",18553.916016,"2020-12-09"
"1185",18264.992188,"2020-12-10"
"1186",18058.904297,"2020-12-11"
"1187",18803.65625,"2020-12-12"
"1188",19142.382813,"2020-12-13"
"1189",19246.644531,"2020-12-14"
"1190",19417.076172,"2020-12-15"
"1191",21310.597656,"2020-12-16"
"1192",22805.162109,"2020-12-17"
"1193",23137.960938,"2020-12-18"
"1194",23869.832031,"2020-12-19"
"1195",23477.294922,"2020-12-20"
"1196",22803.082031,"2020-12-21"
"1197",23783.029297,"2020-12-22"
"1198",23241.345703,"2020-12-23"
"1199",23735.949219,"2020-12-24"
"1200",24664.791016,"2020-12-25"
"1201",26437.037109,"2020-12-26"
"1202",26272.294922,"2020-12-27"
"1203",27084.808594,"2020-12-28"
"1204",27362.4375,"2020-12-29"
"1205",28840.953125,"2020-12-30"
"1206",29001.720703,"2020-12-31"
"1207",29374.152344,"2021-01-01"
"1208",32127.267578,"2021-01-02"
"1209",32782.023438,"2021-01-03"
"1210",31971.914063,"2021-01-04"
"1211",33992.429688,"2021-01-05"
"1212",36824.363281,"2021-01-06"
"1213",39371.042969,"2021-01-07"
"1214",40797.609375,"2021-01-08"
"1215",40254.546875,"2021-01-09"
"1216",38356.441406,"2021-01-10"
"1217",35566.65625,"2021-01-11"
"1218",33922.960938,"2021-01-12"
"1219",37316.359375,"2021-01-13"
"1220",39187.328125,"2021-01-14"
"1221",36825.367188,"2021-01-15"
"1222",36178.140625,"2021-01-16"
"1223",35791.277344,"2021-01-17"
"1224",36630.074219,"2021-01-18"
"1225",36069.804688,"2021-01-19"
"1226",35547.75,"2021-01-20"
"1227",30825.699219,"2021-01-21"
"1228",33005.761719,"2021-01-22"
"1229",32067.642578,"2021-01-23"
"1230",32289.378906,"2021-01-24"
"1231",32366.392578,"2021-01-25"
"1232",32569.849609,"2021-01-26"
"1233",30432.546875,"2021-01-27"
"1234",31649.605469,"2021-01-28"
"1235",34316.386719,"2021-01-29"
"1236",34269.523438,"2021-01-30"
"1237",33114.359375,"2021-01-31"
"1238",33537.175781,"2021-02-01"
"1239",35510.289063,"2021-02-02"
"1240",37472.089844,"2021-02-03"
"1241",36926.066406,"2021-02-04"
"1242",38144.308594,"2021-02-05"
"1243",39266.011719,"2021-02-06"
"1244",38903.441406,"2021-02-07"
"1245",46196.464844,"2021-02-08"
"1246",46481.105469,"2021-02-09"
"1247",44918.183594,"2021-02-10"
"1248",47909.332031,"2021-02-11"
"1249",47504.851563,"2021-02-12"
"1250",47105.515625,"2021-02-13"
"1251",48717.289063,"2021-02-14"
"1252",47945.058594,"2021-02-15"
"1253",49199.871094,"2021-02-16"
"1254",52149.007813,"2021-02-17"
"1255",51679.796875,"2021-02-18"
"1256",55888.132813,"2021-02-19"
"1257",56099.519531,"2021-02-20"
"1258",57539.945313,"2021-02-21"
"1259",54207.320313,"2021-02-22"
"1260",48824.425781,"2021-02-23"
"1261",49705.332031,"2021-02-24"
"1262",47093.851563,"2021-02-25"
"1263",46339.761719,"2021-02-26"
"1264",46188.453125,"2021-02-27"
"1265",45137.769531,"2021-02-28"
"1266",49631.242188,"2021-03-01"
"1267",48378.988281,"2021-03-02"
"1268",50538.242188,"2021-03-03"
"1269",48561.167969,"2021-03-04"
"1270",48927.304688,"2021-03-05"
"1271",48912.382813,"2021-03-06"
"1272",51206.691406,"2021-03-07"
"1273",52246.523438,"2021-03-08"
"1274",54824.117188,"2021-03-09"
"1275",56008.550781,"2021-03-10"
"1276",57805.121094,"2021-03-11"
"1277",57332.089844,"2021-03-12"
"1278",61243.085938,"2021-03-13"
"1279",59302.316406,"2021-03-14"
"1280",55907.199219,"2021-03-15"
"1281",56804.902344,"2021-03-16"
"1282",58870.894531,"2021-03-17"
"1283",57858.921875,"2021-03-18"
"1284",58346.652344,"2021-03-19"
"1285",58313.644531,"2021-03-20"
"1286",57523.421875,"2021-03-21"
"1287",54529.144531,"2021-03-22"
"1288",54738.945313,"2021-03-23"
"1289",52774.265625,"2021-03-24"
"1290",51704.160156,"2021-03-25"
"1291",55137.3125,"2021-03-26"
"1292",55973.511719,"2021-03-27"
"1293",55950.746094,"2021-03-28"
"1294",57750.199219,"2021-03-29"
"1295",58917.691406,"2021-03-30"
"1296",58918.832031,"2021-03-31"
"1297",59095.808594,"2021-04-01"
"1298",59384.3125,"2021-04-02"
"1299",57603.890625,"2021-04-03"
"1300",58758.554688,"2021-04-04"
"1301",59057.878906,"2021-04-05"
"1302",58192.359375,"2021-04-06"
"1303",56048.9375,"2021-04-07"
"1304",58323.953125,"2021-04-08"
"1305",58245.003906,"2021-04-09"
"1306",59793.234375,"2021-04-10"
"1307",60204.964844,"2021-04-11"
"1308",59893.453125,"2021-04-12"
"1309",63503.457031,"2021-04-13"
"1310",63109.695313,"2021-04-14"
"1311",63314.011719,"2021-04-15"
"1312",61572.789063,"2021-04-16"
"1313",60683.820313,"2021-04-17"
"1314",56216.183594,"2021-04-18"
"1315",55724.265625,"2021-04-19"
"1316",56473.03125,"2021-04-20"
"1317",53906.089844,"2021-04-21"
"1318",51762.273438,"2021-04-22"
"1319",51093.652344,"2021-04-23"
"1320",50050.867188,"2021-04-24"
"1321",49004.253906,"2021-04-25"
"1322",54021.753906,"2021-04-26"
"1323",55033.117188,"2021-04-27"
"1324",54824.703125,"2021-04-28"
"1325",53555.109375,"2021-04-29"
"1326",57750.175781,"2021-04-30"
"1327",57828.050781,"2021-05-01"
"1328",56631.078125,"2021-05-02"
"1329",57200.292969,"2021-05-03"
"1330",53333.539063,"2021-05-04"
"1331",57424.007813,"2021-05-05"
"1332",56396.515625,"2021-05-06"
"1333",57356.402344,"2021-05-07"
"1334",58803.777344,"2021-05-08"
"1335",58232.316406,"2021-05-09"
"1336",55859.796875,"2021-05-10"
"1337",56704.574219,"2021-05-11"
"1338",49150.535156,"2021-05-12"
"1339",49716.191406,"2021-05-13"
"1340",49880.535156,"2021-05-14"
"1341",46760.1875,"2021-05-15"
"1342",46456.058594,"2021-05-16"
"1343",43537.511719,"2021-05-17"
"1344",42909.402344,"2021-05-18"
"1345",37002.441406,"2021-05-19"
"1346",40782.738281,"2021-05-20"
"1347",37304.691406,"2021-05-21"
"1348",37536.632813,"2021-05-22"
"1349",34770.582031,"2021-05-23"
"1350",38705.980469,"2021-05-24"
"1351",38402.222656,"2021-05-25"
"1352",39294.199219,"2021-05-26"
"1353",38436.96875,"2021-05-27"
"1354",35697.605469,"2021-05-28"
"1355",34616.066406,"2021-05-29"
"1356",35678.128906,"2021-05-30"
"1357",37332.855469,"2021-05-31"
"1358",36684.925781,"2021-06-01"
"1359",37575.179688,"2021-06-02"
"1360",39208.765625,"2021-06-03"
"1361",36894.40625,"2021-06-04"
"1362",35551.957031,"2021-06-05"
"1363",35862.378906,"2021-06-06"
"1364",33560.707031,"2021-06-07"
"1365",33472.632813,"2021-06-08"
"1366",37345.121094,"2021-06-09"
"1367",36702.597656,"2021-06-10"
"1368",37334.398438,"2021-06-11"
"1369",35552.515625,"2021-06-12"
"1370",39097.859375,"2021-06-13"
"1371",40218.476563,"2021-06-14"
"1372",40406.269531,"2021-06-15"
"1373",38347.0625,"2021-06-16"
"1374",38053.503906,"2021-06-17"
"1375",35787.246094,"2021-06-18"
"1376",35615.871094,"2021-06-19"
"1377",35698.296875,"2021-06-20"
"1378",31676.693359,"2021-06-21"
"1379",32505.660156,"2021-06-22"
"1380",33723.027344,"2021-06-23"
"1381",34662.4375,"2021-06-24"
"1382",31637.779297,"2021-06-25"
"1383",32186.277344,"2021-06-26"
"1384",34649.644531,"2021-06-27"
"1385",34434.335938,"2021-06-28"
"1386",35867.777344,"2021-06-29"
"1387",35040.835938,"2021-06-30"
"1388",33572.117188,"2021-07-01"
"1389",33897.046875,"2021-07-02"
"1390",34668.546875,"2021-07-03"
"1391",35287.78125,"2021-07-04"
"1392",33746.003906,"2021-07-05"
"1393",34235.195313,"2021-07-06"
"1394",33855.328125,"2021-07-07"
"1395",32877.371094,"2021-07-08"
"1396",33798.011719,"2021-07-09"
"1397",33520.519531,"2021-07-10"
"1398",34240.1875,"2021-07-11"
"1399",33155.847656,"2021-07-12"
"1400",32702.025391,"2021-07-13"
"1401",32822.347656,"2021-07-14"
"1402",31780.730469,"2021-07-15"
"1403",31421.539063,"2021-07-16"
"1404",31533.068359,"2021-07-17"
"1405",31796.810547,"2021-07-18"
"1406",30817.832031,"2021-07-19"
"1407",29807.347656,"2021-07-20"
"1408",32110.693359,"2021-07-21"
"1409",32313.105469,"2021-07-22"
"1410",33581.550781,"2021-07-23"
"1411",34292.445313,"2021-07-24"
"1412",35350.1875,"2021-07-25"
"1413",37337.535156,"2021-07-26"
"1414",39406.941406,"2021-07-27"
"1415",39995.90625,"2021-07-28"
"1416",40008.421875,"2021-07-29"
"1417",42235.546875,"2021-07-30"
"1418",41626.195313,"2021-07-31"
"1419",39974.894531,"2021-08-01"
"1420",39201.945313,"2021-08-02"
"1421",38152.980469,"2021-08-03"
"1422",39747.503906,"2021-08-04"
"1423",40869.554688,"2021-08-05"
"1424",42816.5,"2021-08-06"
"1425",44555.800781,"2021-08-07"
"1426",43798.117188,"2021-08-08"
"1427",46365.402344,"2021-08-09"
"1428",45585.03125,"2021-08-10"
"1429",45593.636719,"2021-08-11"
"1430",44428.289063,"2021-08-12"
"1431",47793.320313,"2021-08-13"
"1432",47096.945313,"2021-08-14"
"1433",47047.003906,"2021-08-15"
"1434",46004.484375,"2021-08-16"
"1435",44695.359375,"2021-08-17"
"1436",44801.1875,"2021-08-18"
"1437",46717.578125,"2021-08-19"
"1438",49339.175781,"2021-08-20"
"1439",48905.492188,"2021-08-21"
"1440",49321.652344,"2021-08-22"
"1441",49546.148438,"2021-08-23"
"1442",47706.117188,"2021-08-24"
"1443",48960.789063,"2021-08-25"
"1444",46942.21875,"2021-08-26"
"1445",49058.667969,"2021-08-27"
"1446",48902.402344,"2021-08-28"
"1447",48829.832031,"2021-08-29"
"1448",47054.984375,"2021-08-30"
"1449",47166.6875,"2021-08-31"
"1450",48847.027344,"2021-09-01"
"1451",49327.722656,"2021-09-02"
"1452",50025.375,"2021-09-03"
"1453",49944.625,"2021-09-04"
"1454",51753.410156,"2021-09-05"
"1455",52633.535156,"2021-09-06"
"1456",46811.128906,"2021-09-07"
"1457",46091.390625,"2021-09-08"
"1458",46391.421875,"2021-09-09"
"1459",44883.910156,"2021-09-10"
